<?xml version="1.0" encoding="UTF-8"?>
<project-private xmlns="http://www.netbeans.org/ns/project-private/1">
    <editor-bookmarks xmlns="http://www.netbeans.org/ns/editor-bookmarks/2" lastBookmarkId="0"/>
    <open-files xmlns="http://www.netbeans.org/ns/projectui-open-files/2">
        <group>
            <file>file:/Users/jorge/NetBeansProjects/InterfTrimestre1/src/interftrimestre1/MostrarInfoCliente.java</file>
            <file>file:/Users/jorge/NetBeansProjects/InterfTrimestre1/src/interftrimestre1/ListaClientes.java</file>
            <file>file:/Users/jorge/NetBeansProjects/InterfTrimestre1/src/interftrimestre1/InterfaceDatos.java</file>
        </group>
    </open-files>
</project-private>
